0.01,web_vnf,100,50000
0.01,firewall_vnf,100,10000
0.01,db_vnf,100,10000
0.02,web_vnf,100,50000
0.03,web_vnf,100,50000
0.03,firewall_vnf,100,10000
0.03,db_vnf,100,10000
0.04,web_vnf,100,50000
0.05,web_vnf,100,50000
0.05,firewall_vnf,100,10000
0.05,db_vnf,100,10000
0.06,web_vnf,100,50000
0.07,web_vnf,100,50000
0.07,firewall_vnf,100,10000
0.07,db_vnf,100,10000
0.08,web_vnf,100,50000
0.09,web_vnf,100,50000
0.09,firewall_vnf,100,10000
0.09,db_vnf,100,10000
0.10,web_vnf,100,50000
0.11,web_vnf,100,50000
0.11,firewall_vnf,100,10000
0.11,db_vnf,100,10000
0.12,web_vnf,100,50000
0.13,web_vnf,100,50000
0.13,firewall_vnf,100,10000
0.13,db_vnf,100,10000
0.14,web_vnf,100,50000
0.15,web_vnf,100,50000
0.15,firewall_vnf,100,10000
0.15,db_vnf,100,10000
0.16,web_vnf,100,50000
0.17,web_vnf,100,50000
0.17,firewall_vnf,100,10000
0.17,db_vnf,100,10000
0.18,web_vnf,100,50000
0.19,web_vnf,100,50000
0.19,firewall_vnf,100,10000
0.19,db_vnf,100,10000
0.20,web_vnf,100,50000
0.21,web_vnf,100,50000
0.21,firewall_vnf,100,10000
0.21,db_vnf,100,10000
0.22,web_vnf,100,50000
0.23,web_vnf,100,50000
0.23,firewall_vnf,100,10000
0.23,db_vnf,100,10000
0.24,web_vnf,100,50000
0.25,web_vnf,100,50000
0.25,firewall_vnf,100,10000
0.25,db_vnf,100,10000
0.26,web_vnf,100,50000
0.27,web_vnf,100,50000
0.27,firewall_vnf,100,10000
0.27,db_vnf,100,10000
0.28,web_vnf,100,50000
0.29,web_vnf,100,50000
0.29,firewall_vnf,100,10000
0.29,db_vnf,100,10000
0.30,web_vnf,100,50000
0.31,web_vnf,100,50000
0.31,firewall_vnf,100,10000
0.31,db_vnf,100,10000
0.32,web_vnf,100,50000
0.33,web_vnf,100,50000
0.33,firewall_vnf,100,10000
0.33,db_vnf,100,10000
0.34,web_vnf,100,50000
0.35,web_vnf,100,50000
0.35,firewall_vnf,100,10000
0.35,db_vnf,100,10000
0.36,web_vnf,100,50000
0.37,web_vnf,100,50000
0.37,firewall_vnf,100,10000
0.37,db_vnf,100,10000
0.38,web_vnf,100,50000
0.39,web_vnf,100,50000
0.39,firewall_vnf,100,10000
0.39,db_vnf,100,10000
0.40,web_vnf,100,50000
0.41,web_vnf,100,50000
0.41,firewall_vnf,100,10000
0.41,db_vnf,100,10000
0.42,web_vnf,100,50000
0.43,web_vnf,100,50000
0.43,firewall_vnf,100,10000
0.43,db_vnf,100,10000
0.44,web_vnf,100,50000
0.45,web_vnf,100,50000
0.45,firewall_vnf,100,10000
0.45,db_vnf,100,10000
0.46,web_vnf,100,50000
0.47,web_vnf,100,50000
0.47,firewall_vnf,100,10000
0.47,db_vnf,100,10000
0.48,web_vnf,100,50000
0.49,web_vnf,100,50000
0.49,firewall_vnf,100,10000
0.49,db_vnf,100,10000
0.50,web_vnf,100,50000
0.51,web_vnf,100,50000
0.51,firewall_vnf,100,10000
0.51,db_vnf,100,10000
0.52,web_vnf,100,50000
0.53,web_vnf,100,50000
0.53,firewall_vnf,100,10000
0.53,db_vnf,100,10000
0.54,web_vnf,100,50000
0.55,web_vnf,100,50000
0.55,firewall_vnf,100,10000
0.55,db_vnf,100,10000
0.56,web_vnf,100,50000
0.57,web_vnf,100,50000
0.57,firewall_vnf,100,10000
0.57,db_vnf,100,10000
0.58,web_vnf,100,50000
0.59,web_vnf,100,50000
0.59,firewall_vnf,100,10000
0.59,db_vnf,100,10000
0.60,web_vnf,100,50000
0.61,web_vnf,100,50000
0.61,firewall_vnf,100,10000
0.61,db_vnf,100,10000
0.62,web_vnf,100,50000
0.63,web_vnf,100,50000
0.63,firewall_vnf,100,10000
0.63,db_vnf,100,10000
0.64,web_vnf,100,50000
0.65,web_vnf,100,50000
0.65,firewall_vnf,100,10000
0.65,db_vnf,100,10000
0.66,web_vnf,100,50000
0.67,web_vnf,100,50000
0.67,firewall_vnf,100,10000
0.67,db_vnf,100,10000
0.68,web_vnf,100,50000
0.69,web_vnf,100,50000
0.69,firewall_vnf,100,10000
0.69,db_vnf,100,10000
0.70,web_vnf,100,50000
0.71,web_vnf,100,50000
0.71,firewall_vnf,100,10000
0.71,db_vnf,100,10000
0.72,web_vnf,100,50000
0.73,web_vnf,100,50000
0.73,firewall_vnf,100,10000
0.73,db_vnf,100,10000
0.74,web_vnf,100,50000
0.75,web_vnf,100,50000
0.75,firewall_vnf,100,10000
0.75,db_vnf,100,10000
0.76,web_vnf,100,50000
0.77,web_vnf,100,50000
0.77,firewall_vnf,100,10000
0.77,db_vnf,100,10000
0.78,web_vnf,100,50000
0.79,web_vnf,100,50000
0.79,firewall_vnf,100,10000
0.79,db_vnf,100,10000
0.80,web_vnf,100,50000
0.81,web_vnf,100,50000
0.81,firewall_vnf,100,10000
0.81,db_vnf,100,10000
0.82,web_vnf,100,50000
0.83,web_vnf,100,50000
0.83,firewall_vnf,100,10000
0.83,db_vnf,100,10000
0.84,web_vnf,100,50000
0.85,web_vnf,100,50000
0.85,firewall_vnf,100,10000
0.85,db_vnf,100,10000
0.86,web_vnf,100,50000
0.87,web_vnf,100,50000
0.87,firewall_vnf,100,10000
0.87,db_vnf,100,10000
0.88,web_vnf,100,50000
0.89,web_vnf,100,50000
0.89,firewall_vnf,100,10000
0.89,db_vnf,100,10000
0.90,web_vnf,100,50000
0.91,web_vnf,100,50000
0.91,firewall_vnf,100,10000
0.91,db_vnf,100,10000
0.92,web_vnf,100,50000
0.93,web_vnf,100,50000
0.93,firewall_vnf,100,10000
0.93,db_vnf,100,10000
0.94,web_vnf,100,50000
0.95,web_vnf,100,50000
0.95,firewall_vnf,100,10000
0.95,db_vnf,100,10000
0.96,web_vnf,100,50000
0.97,web_vnf,100,50000
0.97,firewall_vnf,100,10000
0.97,db_vnf,100,10000
0.98,web_vnf,100,50000
0.99,web_vnf,100,50000
0.99,firewall_vnf,100,10000
0.99,db_vnf,100,10000
1.00,web_vnf,100,50000
1.01,web_vnf,100,50000
1.01,firewall_vnf,100,10000
1.01,db_vnf,100,10000
1.02,web_vnf,100,50000
1.03,web_vnf,100,50000
1.03,firewall_vnf,100,10000
1.03,db_vnf,100,10000
1.04,web_vnf,100,50000
1.05,web_vnf,100,50000
1.05,firewall_vnf,100,10000
1.05,db_vnf,100,10000
1.06,web_vnf,100,50000
1.07,web_vnf,100,50000
1.07,firewall_vnf,100,10000
1.07,db_vnf,100,10000
1.08,web_vnf,100,50000
1.09,web_vnf,100,50000
1.09,firewall_vnf,100,10000
1.09,db_vnf,100,10000
1.10,web_vnf,100,50000
1.11,web_vnf,100,50000
1.11,firewall_vnf,100,10000
1.11,db_vnf,100,10000
1.12,web_vnf,100,50000
1.13,web_vnf,100,50000
1.13,firewall_vnf,100,10000
1.13,db_vnf,100,10000
1.14,web_vnf,100,50000
1.15,web_vnf,100,50000
1.15,firewall_vnf,100,10000
1.15,db_vnf,100,10000
1.16,web_vnf,100,50000
1.17,web_vnf,100,50000
1.17,firewall_vnf,100,10000
1.17,db_vnf,100,10000
1.18,web_vnf,100,50000
1.19,web_vnf,100,50000
1.19,firewall_vnf,100,10000
1.19,db_vnf,100,10000
1.20,web_vnf,100,50000
1.21,web_vnf,100,50000
1.21,firewall_vnf,100,10000
1.21,db_vnf,100,10000
1.22,web_vnf,100,50000
1.23,web_vnf,100,50000
1.23,firewall_vnf,100,10000
1.23,db_vnf,100,10000
1.24,web_vnf,100,50000
1.25,web_vnf,100,50000
1.25,firewall_vnf,100,10000
1.25,db_vnf,100,10000
1.26,web_vnf,100,50000
1.27,web_vnf,100,50000
1.27,firewall_vnf,100,10000
1.27,db_vnf,100,10000
1.28,web_vnf,100,50000
1.29,web_vnf,100,50000
1.29,firewall_vnf,100,10000
1.29,db_vnf,100,10000
1.30,web_vnf,100,50000
1.31,web_vnf,100,50000
1.31,firewall_vnf,100,10000
1.31,db_vnf,100,10000
1.32,web_vnf,100,50000
1.33,web_vnf,100,50000
1.33,firewall_vnf,100,10000
1.33,db_vnf,100,10000
1.34,web_vnf,100,50000
1.35,web_vnf,100,50000
1.35,firewall_vnf,100,10000
1.35,db_vnf,100,10000
1.36,web_vnf,100,50000
1.37,web_vnf,100,50000
1.37,firewall_vnf,100,10000
1.37,db_vnf,100,10000
1.38,web_vnf,100,50000
1.39,web_vnf,100,50000
1.39,firewall_vnf,100,10000
1.39,db_vnf,100,10000
1.40,web_vnf,100,50000
1.41,web_vnf,100,50000
1.41,firewall_vnf,100,10000
1.41,db_vnf,100,10000
1.42,web_vnf,100,50000
1.43,web_vnf,100,50000
1.43,firewall_vnf,100,10000
1.43,db_vnf,100,10000
1.44,web_vnf,100,50000
1.45,web_vnf,100,50000
1.45,firewall_vnf,100,10000
1.45,db_vnf,100,10000
1.46,web_vnf,100,50000
1.47,web_vnf,100,50000
1.47,firewall_vnf,100,10000
1.47,db_vnf,100,10000
1.48,web_vnf,100,50000
1.49,web_vnf,100,50000
1.49,firewall_vnf,100,10000
1.49,db_vnf,100,10000
1.50,web_vnf,100,50000
1.51,web_vnf,100,50000
1.51,firewall_vnf,100,10000
1.51,db_vnf,100,10000
1.52,web_vnf,100,50000
1.53,web_vnf,100,50000
1.53,firewall_vnf,100,10000
1.53,db_vnf,100,10000
1.54,web_vnf,100,50000
1.55,web_vnf,100,50000
1.55,firewall_vnf,100,10000
1.55,db_vnf,100,10000
1.56,web_vnf,100,50000
1.57,web_vnf,100,50000
1.57,firewall_vnf,100,10000
1.57,db_vnf,100,10000
1.58,web_vnf,100,50000
1.59,web_vnf,100,50000
1.59,firewall_vnf,100,10000
1.59,db_vnf,100,10000
1.60,web_vnf,100,50000
1.61,web_vnf,100,50000
1.61,firewall_vnf,100,10000
1.61,db_vnf,100,10000
1.62,web_vnf,100,50000
1.63,web_vnf,100,50000
1.63,firewall_vnf,100,10000
1.63,db_vnf,100,10000
1.64,web_vnf,100,50000
1.65,web_vnf,100,50000
1.65,firewall_vnf,100,10000
1.65,db_vnf,100,10000
1.66,web_vnf,100,50000
1.67,web_vnf,100,50000
1.67,firewall_vnf,100,10000
1.67,db_vnf,100,10000
1.68,web_vnf,100,50000
1.69,web_vnf,100,50000
1.69,firewall_vnf,100,10000
1.69,db_vnf,100,10000
1.70,web_vnf,100,50000
1.71,web_vnf,100,50000
1.71,firewall_vnf,100,10000
1.71,db_vnf,100,10000
1.72,web_vnf,100,50000
1.73,web_vnf,100,50000
1.73,firewall_vnf,100,10000
1.73,db_vnf,100,10000
1.74,web_vnf,100,50000
1.75,web_vnf,100,50000
1.75,firewall_vnf,100,10000
1.75,db_vnf,100,10000
1.76,web_vnf,100,50000
1.77,web_vnf,100,50000
1.77,firewall_vnf,100,10000
1.77,db_vnf,100,10000
1.78,web_vnf,100,50000
1.79,web_vnf,100,50000
1.79,firewall_vnf,100,10000
1.79,db_vnf,100,10000
1.80,web_vnf,100,50000
1.81,web_vnf,100,50000
1.81,firewall_vnf,100,10000
1.81,db_vnf,100,10000
1.82,web_vnf,100,50000
1.83,web_vnf,100,50000
1.83,firewall_vnf,100,10000
1.83,db_vnf,100,10000
1.84,web_vnf,100,50000
1.85,web_vnf,100,50000
1.85,firewall_vnf,100,10000
1.85,db_vnf,100,10000
1.86,web_vnf,100,50000
1.87,web_vnf,100,50000
1.87,firewall_vnf,100,10000
1.87,db_vnf,100,10000
1.88,web_vnf,100,50000
1.89,web_vnf,100,50000
1.89,firewall_vnf,100,10000
1.89,db_vnf,100,10000
1.90,web_vnf,100,50000
1.91,web_vnf,100,50000
1.91,firewall_vnf,100,10000
1.91,db_vnf,100,10000
1.92,web_vnf,100,50000
1.93,web_vnf,100,50000
1.93,firewall_vnf,100,10000
1.93,db_vnf,100,10000
1.94,web_vnf,100,50000
1.95,web_vnf,100,50000
1.95,firewall_vnf,100,10000
1.95,db_vnf,100,10000
1.96,web_vnf,100,50000
1.97,web_vnf,100,50000
1.97,firewall_vnf,100,10000
1.97,db_vnf,100,10000
1.98,web_vnf,100,50000
1.99,web_vnf,100,50000
1.99,firewall_vnf,100,10000
1.99,db_vnf,100,10000
2.00,web_vnf,100,50000
2.01,web_vnf,100,50000
2.01,firewall_vnf,100,10000
2.01,db_vnf,100,10000
2.02,web_vnf,100,50000
2.03,web_vnf,100,50000
2.03,firewall_vnf,100,10000
2.03,db_vnf,100,10000
2.04,web_vnf,100,50000
2.05,web_vnf,100,50000
2.05,firewall_vnf,100,10000
2.05,db_vnf,100,10000
2.06,web_vnf,100,50000
2.07,web_vnf,100,50000
2.07,firewall_vnf,100,10000
2.07,db_vnf,100,10000
2.08,web_vnf,100,50000
2.09,web_vnf,100,50000
2.09,firewall_vnf,100,10000
2.09,db_vnf,100,10000
2.10,web_vnf,100,50000
2.11,web_vnf,100,50000
2.11,firewall_vnf,100,10000
2.11,db_vnf,100,10000
2.12,web_vnf,100,50000
2.13,web_vnf,100,50000
2.13,firewall_vnf,100,10000
2.13,db_vnf,100,10000
2.14,web_vnf,100,50000
2.15,web_vnf,100,50000
2.15,firewall_vnf,100,10000
2.15,db_vnf,100,10000
2.16,web_vnf,100,50000
2.17,web_vnf,100,50000
2.17,firewall_vnf,100,10000
2.17,db_vnf,100,10000
2.18,web_vnf,100,50000
2.19,web_vnf,100,50000
2.19,firewall_vnf,100,10000
2.19,db_vnf,100,10000
2.20,web_vnf,100,50000
2.21,web_vnf,100,50000
2.21,firewall_vnf,100,10000
2.21,db_vnf,100,10000
2.22,web_vnf,100,50000
2.23,web_vnf,100,50000
2.23,firewall_vnf,100,10000
2.23,db_vnf,100,10000
2.24,web_vnf,100,50000
2.25,web_vnf,100,50000
2.25,firewall_vnf,100,10000
2.25,db_vnf,100,10000
2.26,web_vnf,100,50000
2.27,web_vnf,100,50000
2.27,firewall_vnf,100,10000
2.27,db_vnf,100,10000
2.28,web_vnf,100,50000
2.29,web_vnf,100,50000
2.29,firewall_vnf,100,10000
2.29,db_vnf,100,10000
2.30,web_vnf,100,50000
2.31,web_vnf,100,50000
2.31,firewall_vnf,100,10000
2.31,db_vnf,100,10000
2.32,web_vnf,100,50000
2.33,web_vnf,100,50000
2.33,firewall_vnf,100,10000
2.33,db_vnf,100,10000
2.34,web_vnf,100,50000
2.35,web_vnf,100,50000
2.35,firewall_vnf,100,10000
2.35,db_vnf,100,10000
2.36,web_vnf,100,50000
2.37,web_vnf,100,50000
2.37,firewall_vnf,100,10000
2.37,db_vnf,100,10000
2.38,web_vnf,100,50000
2.39,web_vnf,100,50000
2.39,firewall_vnf,100,10000
2.39,db_vnf,100,10000
2.40,web_vnf,100,50000
2.41,web_vnf,100,50000
2.41,firewall_vnf,100,10000
2.41,db_vnf,100,10000
2.42,web_vnf,100,50000
2.43,web_vnf,100,50000
2.43,firewall_vnf,100,10000
2.43,db_vnf,100,10000
2.44,web_vnf,100,50000
2.45,web_vnf,100,50000
2.45,firewall_vnf,100,10000
2.45,db_vnf,100,10000
2.46,web_vnf,100,50000
2.47,web_vnf,100,50000
2.47,firewall_vnf,100,10000
2.47,db_vnf,100,10000
2.48,web_vnf,100,50000
2.49,web_vnf,100,50000
2.49,firewall_vnf,100,10000
2.49,db_vnf,100,10000
2.50,web_vnf,100,50000
2.51,web_vnf,100,50000
2.51,firewall_vnf,100,10000
2.51,db_vnf,100,10000
2.52,web_vnf,100,50000
2.53,web_vnf,100,50000
2.53,firewall_vnf,100,10000
2.53,db_vnf,100,10000
2.54,web_vnf,100,50000
2.55,web_vnf,100,50000
2.55,firewall_vnf,100,10000
2.55,db_vnf,100,10000
2.56,web_vnf,100,50000
2.57,web_vnf,100,50000
2.57,firewall_vnf,100,10000
2.57,db_vnf,100,10000
2.58,web_vnf,100,50000
2.59,web_vnf,100,50000
2.59,firewall_vnf,100,10000
2.59,db_vnf,100,10000
2.60,web_vnf,100,50000
2.61,web_vnf,100,50000
2.61,firewall_vnf,100,10000
2.61,db_vnf,100,10000
2.62,web_vnf,100,50000
2.63,web_vnf,100,50000
2.63,firewall_vnf,100,10000
2.63,db_vnf,100,10000
2.64,web_vnf,100,50000
2.65,web_vnf,100,50000
2.65,firewall_vnf,100,10000
2.65,db_vnf,100,10000
2.66,web_vnf,100,50000
2.67,web_vnf,100,50000
2.67,firewall_vnf,100,10000
2.67,db_vnf,100,10000
2.68,web_vnf,100,50000
2.69,web_vnf,100,50000
2.69,firewall_vnf,100,10000
2.69,db_vnf,100,10000
2.70,web_vnf,100,50000
2.71,web_vnf,100,50000
2.71,firewall_vnf,100,10000
2.71,db_vnf,100,10000
2.72,web_vnf,100,50000
2.73,web_vnf,100,50000
2.73,firewall_vnf,100,10000
2.73,db_vnf,100,10000
2.74,web_vnf,100,50000
2.75,web_vnf,100,50000
2.75,firewall_vnf,100,10000
2.75,db_vnf,100,10000
2.76,web_vnf,100,50000
2.77,web_vnf,100,50000
2.77,firewall_vnf,100,10000
2.77,db_vnf,100,10000
2.78,web_vnf,100,50000
2.79,web_vnf,100,50000
2.79,firewall_vnf,100,10000
2.79,db_vnf,100,10000
2.80,web_vnf,100,50000
2.81,web_vnf,100,50000
2.81,firewall_vnf,100,10000
2.81,db_vnf,100,10000
2.82,web_vnf,100,50000
2.83,web_vnf,100,50000
2.83,firewall_vnf,100,10000
2.83,db_vnf,100,10000
2.84,web_vnf,100,50000
2.85,web_vnf,100,50000
2.85,firewall_vnf,100,10000
2.85,db_vnf,100,10000
2.86,web_vnf,100,50000
2.87,web_vnf,100,50000
2.87,firewall_vnf,100,10000
2.87,db_vnf,100,10000
2.88,web_vnf,100,50000
2.89,web_vnf,100,50000
2.89,firewall_vnf,100,10000
2.89,db_vnf,100,10000
2.90,web_vnf,100,50000
2.91,web_vnf,100,50000
2.91,firewall_vnf,100,10000
2.91,db_vnf,100,10000
2.92,web_vnf,100,50000
2.93,web_vnf,100,50000
2.93,firewall_vnf,100,10000
2.93,db_vnf,100,10000
2.94,web_vnf,100,50000
2.95,web_vnf,100,50000
2.95,firewall_vnf,100,10000
2.95,db_vnf,100,10000
2.96,web_vnf,100,50000
2.97,web_vnf,100,50000
2.97,firewall_vnf,100,10000
2.97,db_vnf,100,10000
2.98,web_vnf,100,50000
2.99,web_vnf,100,50000
2.99,firewall_vnf,100,10000
2.99,db_vnf,100,10000
3.00,web_vnf,100,50000
3.01,web_vnf,100,50000
3.01,firewall_vnf,100,10000
3.01,db_vnf,100,10000
3.02,web_vnf,100,50000
3.03,web_vnf,100,50000
3.03,firewall_vnf,100,10000
3.03,db_vnf,100,10000
3.04,web_vnf,100,50000
3.05,web_vnf,100,50000
3.05,firewall_vnf,100,10000
3.05,db_vnf,100,10000
3.06,web_vnf,100,50000
3.07,web_vnf,100,50000
3.07,firewall_vnf,100,10000
3.07,db_vnf,100,10000
3.08,web_vnf,100,50000
3.09,web_vnf,100,50000
3.09,firewall_vnf,100,10000
3.09,db_vnf,100,10000
3.10,web_vnf,100,50000
3.11,web_vnf,100,50000
3.11,firewall_vnf,100,10000
3.11,db_vnf,100,10000
3.12,web_vnf,100,50000
3.13,web_vnf,100,50000
3.13,firewall_vnf,100,10000
3.13,db_vnf,100,10000
3.14,web_vnf,100,50000
3.15,web_vnf,100,50000
3.15,firewall_vnf,100,10000
3.15,db_vnf,100,10000
3.16,web_vnf,100,50000
3.17,web_vnf,100,50000
3.17,firewall_vnf,100,10000
3.17,db_vnf,100,10000
3.18,web_vnf,100,50000
3.19,web_vnf,100,50000
3.19,firewall_vnf,100,10000
3.19,db_vnf,100,10000
3.20,web_vnf,100,50000
3.21,web_vnf,100,50000
3.21,firewall_vnf,100,10000
3.21,db_vnf,100,10000
3.22,web_vnf,100,50000
3.23,web_vnf,100,50000
3.23,firewall_vnf,100,10000
3.23,db_vnf,100,10000
3.24,web_vnf,100,50000
3.25,web_vnf,100,50000
3.25,firewall_vnf,100,10000
3.25,db_vnf,100,10000
3.26,web_vnf,100,50000
3.27,web_vnf,100,50000
3.27,firewall_vnf,100,10000
3.27,db_vnf,100,10000
3.28,web_vnf,100,50000
3.29,web_vnf,100,50000
3.29,firewall_vnf,100,10000
3.29,db_vnf,100,10000
3.30,web_vnf,100,50000
3.31,web_vnf,100,50000
3.31,firewall_vnf,100,10000
3.31,db_vnf,100,10000
3.32,web_vnf,100,50000
3.33,web_vnf,100,50000
3.33,firewall_vnf,100,10000
3.33,db_vnf,100,10000
3.34,web_vnf,100,50000
3.35,web_vnf,100,50000
3.35,firewall_vnf,100,10000
3.35,db_vnf,100,10000
3.36,web_vnf,100,50000
3.37,web_vnf,100,50000
3.37,firewall_vnf,100,10000
3.37,db_vnf,100,10000
3.38,web_vnf,100,50000
3.39,web_vnf,100,50000
3.39,firewall_vnf,100,10000
3.39,db_vnf,100,10000
3.40,web_vnf,100,50000
3.41,web_vnf,100,50000
3.41,firewall_vnf,100,10000
3.41,db_vnf,100,10000
3.42,web_vnf,100,50000
3.43,web_vnf,100,50000
3.43,firewall_vnf,100,10000
3.43,db_vnf,100,10000
3.44,web_vnf,100,50000
3.45,web_vnf,100,50000
3.45,firewall_vnf,100,10000
3.45,db_vnf,100,10000
3.46,web_vnf,100,50000
3.47,web_vnf,100,50000
3.47,firewall_vnf,100,10000
3.47,db_vnf,100,10000
3.48,web_vnf,100,50000
3.49,web_vnf,100,50000
3.49,firewall_vnf,100,10000
3.49,db_vnf,100,10000
3.50,web_vnf,100,50000
3.51,web_vnf,100,50000
3.51,firewall_vnf,100,10000
3.51,db_vnf,100,10000
3.52,web_vnf,100,50000
3.53,web_vnf,100,50000
3.53,firewall_vnf,100,10000
3.53,db_vnf,100,10000
3.54,web_vnf,100,50000
3.55,web_vnf,100,50000
3.55,firewall_vnf,100,10000
3.55,db_vnf,100,10000
3.56,web_vnf,100,50000
3.57,web_vnf,100,50000
3.57,firewall_vnf,100,10000
3.57,db_vnf,100,10000
3.58,web_vnf,100,50000
3.59,web_vnf,100,50000
3.59,firewall_vnf,100,10000
3.59,db_vnf,100,10000
3.60,web_vnf,100,50000
3.61,web_vnf,100,50000
3.61,firewall_vnf,100,10000
3.61,db_vnf,100,10000
3.62,web_vnf,100,50000
3.63,web_vnf,100,50000
3.63,firewall_vnf,100,10000
3.63,db_vnf,100,10000
3.64,web_vnf,100,50000
3.65,web_vnf,100,50000
3.65,firewall_vnf,100,10000
3.65,db_vnf,100,10000
3.66,web_vnf,100,50000
3.67,web_vnf,100,50000
3.67,firewall_vnf,100,10000
3.67,db_vnf,100,10000
3.68,web_vnf,100,50000
3.69,web_vnf,100,50000
3.69,firewall_vnf,100,10000
3.69,db_vnf,100,10000
3.70,web_vnf,100,50000
3.71,web_vnf,100,50000
3.71,firewall_vnf,100,10000
3.71,db_vnf,100,10000
3.72,web_vnf,100,50000
3.73,web_vnf,100,50000
3.73,firewall_vnf,100,10000
3.73,db_vnf,100,10000
3.74,web_vnf,100,50000
3.75,web_vnf,100,50000
3.75,firewall_vnf,100,10000
3.75,db_vnf,100,10000
3.76,web_vnf,100,50000
3.77,web_vnf,100,50000
3.77,firewall_vnf,100,10000
3.77,db_vnf,100,10000
3.78,web_vnf,100,50000
3.79,web_vnf,100,50000
3.79,firewall_vnf,100,10000
3.79,db_vnf,100,10000
3.80,web_vnf,100,50000
3.81,web_vnf,100,50000
3.81,firewall_vnf,100,10000
3.81,db_vnf,100,10000
3.82,web_vnf,100,50000
3.83,web_vnf,100,50000
3.83,firewall_vnf,100,10000
3.83,db_vnf,100,10000
3.84,web_vnf,100,50000
3.85,web_vnf,100,50000
3.85,firewall_vnf,100,10000
3.85,db_vnf,100,10000
3.86,web_vnf,100,50000
3.87,web_vnf,100,50000
3.87,firewall_vnf,100,10000
3.87,db_vnf,100,10000
3.88,web_vnf,100,50000
3.89,web_vnf,100,50000
3.89,firewall_vnf,100,10000
3.89,db_vnf,100,10000
3.90,web_vnf,100,50000
3.91,web_vnf,100,50000
3.91,firewall_vnf,100,10000
3.91,db_vnf,100,10000
3.92,web_vnf,100,50000
3.93,web_vnf,100,50000
3.93,firewall_vnf,100,10000
3.93,db_vnf,100,10000
3.94,web_vnf,100,50000
3.95,web_vnf,100,50000
3.95,firewall_vnf,100,10000
3.95,db_vnf,100,10000
3.96,web_vnf,100,50000
3.97,web_vnf,100,50000
3.97,firewall_vnf,100,10000
3.97,db_vnf,100,10000
3.98,web_vnf,100,50000
3.99,web_vnf,100,50000
3.99,firewall_vnf,100,10000
3.99,db_vnf,100,10000
4.00,web_vnf,100,50000
4.01,web_vnf,100,50000
4.01,firewall_vnf,100,10000
4.01,db_vnf,100,10000
4.02,web_vnf,100,50000
4.03,web_vnf,100,50000
4.03,firewall_vnf,100,10000
4.03,db_vnf,100,10000
4.04,web_vnf,100,50000
4.05,web_vnf,100,50000
4.05,firewall_vnf,100,10000
4.05,db_vnf,100,10000
4.06,web_vnf,100,50000
4.07,web_vnf,100,50000
4.07,firewall_vnf,100,10000
4.07,db_vnf,100,10000
4.08,web_vnf,100,50000
4.09,web_vnf,100,50000
4.09,firewall_vnf,100,10000
4.09,db_vnf,100,10000
4.10,web_vnf,100,50000
4.11,web_vnf,100,50000
4.11,firewall_vnf,100,10000
4.11,db_vnf,100,10000
4.12,web_vnf,100,50000
4.13,web_vnf,100,50000
4.13,firewall_vnf,100,10000
4.13,db_vnf,100,10000
4.14,web_vnf,100,50000
4.15,web_vnf,100,50000
4.15,firewall_vnf,100,10000
4.15,db_vnf,100,10000
4.16,web_vnf,100,50000
4.17,web_vnf,100,50000
4.17,firewall_vnf,100,10000
4.17,db_vnf,100,10000
4.18,web_vnf,100,50000
4.19,web_vnf,100,50000
4.19,firewall_vnf,100,10000
4.19,db_vnf,100,10000
4.20,web_vnf,100,50000
4.21,web_vnf,100,50000
4.21,firewall_vnf,100,10000
4.21,db_vnf,100,10000
4.22,web_vnf,100,50000
4.23,web_vnf,100,50000
4.23,firewall_vnf,100,10000
4.23,db_vnf,100,10000
4.24,web_vnf,100,50000
4.25,web_vnf,100,50000
4.25,firewall_vnf,100,10000
4.25,db_vnf,100,10000
4.26,web_vnf,100,50000
4.27,web_vnf,100,50000
4.27,firewall_vnf,100,10000
4.27,db_vnf,100,10000
4.28,web_vnf,100,50000
4.29,web_vnf,100,50000
4.29,firewall_vnf,100,10000
4.29,db_vnf,100,10000
4.30,web_vnf,100,50000
4.31,web_vnf,100,50000
4.31,firewall_vnf,100,10000
4.31,db_vnf,100,10000
4.32,web_vnf,100,50000
4.33,web_vnf,100,50000
4.33,firewall_vnf,100,10000
4.33,db_vnf,100,10000
4.34,web_vnf,100,50000
4.35,web_vnf,100,50000
4.35,firewall_vnf,100,10000
4.35,db_vnf,100,10000
4.36,web_vnf,100,50000
4.37,web_vnf,100,50000
4.37,firewall_vnf,100,10000
4.37,db_vnf,100,10000
4.38,web_vnf,100,50000
4.39,web_vnf,100,50000
4.39,firewall_vnf,100,10000
4.39,db_vnf,100,10000
4.40,web_vnf,100,50000
4.41,web_vnf,100,50000
4.41,firewall_vnf,100,10000
4.41,db_vnf,100,10000
4.42,web_vnf,100,50000
4.43,web_vnf,100,50000
4.43,firewall_vnf,100,10000
4.43,db_vnf,100,10000
4.44,web_vnf,100,50000
4.45,web_vnf,100,50000
4.45,firewall_vnf,100,10000
4.45,db_vnf,100,10000
4.46,web_vnf,100,50000
4.47,web_vnf,100,50000
4.47,firewall_vnf,100,10000
4.47,db_vnf,100,10000
4.48,web_vnf,100,50000
4.49,web_vnf,100,50000
4.49,firewall_vnf,100,10000
4.49,db_vnf,100,10000
4.50,web_vnf,100,50000
4.51,web_vnf,100,50000
4.51,firewall_vnf,100,10000
4.51,db_vnf,100,10000
4.52,web_vnf,100,50000
4.53,web_vnf,100,50000
4.53,firewall_vnf,100,10000
4.53,db_vnf,100,10000
4.54,web_vnf,100,50000
4.55,web_vnf,100,50000
4.55,firewall_vnf,100,10000
4.55,db_vnf,100,10000
4.56,web_vnf,100,50000
4.57,web_vnf,100,50000
4.57,firewall_vnf,100,10000
4.57,db_vnf,100,10000
4.58,web_vnf,100,50000
4.59,web_vnf,100,50000
4.59,firewall_vnf,100,10000
4.59,db_vnf,100,10000
4.60,web_vnf,100,50000
4.61,web_vnf,100,50000
4.61,firewall_vnf,100,10000
4.61,db_vnf,100,10000
4.62,web_vnf,100,50000
4.63,web_vnf,100,50000
4.63,firewall_vnf,100,10000
4.63,db_vnf,100,10000
4.64,web_vnf,100,50000
4.65,web_vnf,100,50000
4.65,firewall_vnf,100,10000
4.65,db_vnf,100,10000
4.66,web_vnf,100,50000
4.67,web_vnf,100,50000
4.67,firewall_vnf,100,10000
4.67,db_vnf,100,10000
4.68,web_vnf,100,50000
4.69,web_vnf,100,50000
4.69,firewall_vnf,100,10000
4.69,db_vnf,100,10000
4.70,web_vnf,100,50000
4.71,web_vnf,100,50000
4.71,firewall_vnf,100,10000
4.71,db_vnf,100,10000
4.72,web_vnf,100,50000
4.73,web_vnf,100,50000
4.73,firewall_vnf,100,10000
4.73,db_vnf,100,10000
4.74,web_vnf,100,50000
4.75,web_vnf,100,50000
4.75,firewall_vnf,100,10000
4.75,db_vnf,100,10000
4.76,web_vnf,100,50000
4.77,web_vnf,100,50000
4.77,firewall_vnf,100,10000
4.77,db_vnf,100,10000
4.78,web_vnf,100,50000
4.79,web_vnf,100,50000
4.79,firewall_vnf,100,10000
4.79,db_vnf,100,10000
4.80,web_vnf,100,50000
4.81,web_vnf,100,50000
4.81,firewall_vnf,100,10000
4.81,db_vnf,100,10000
4.82,web_vnf,100,50000
4.83,web_vnf,100,50000
4.83,firewall_vnf,100,10000
4.83,db_vnf,100,10000
4.84,web_vnf,100,50000
4.85,web_vnf,100,50000
4.85,firewall_vnf,100,10000
4.85,db_vnf,100,10000
4.86,web_vnf,100,50000
4.87,web_vnf,100,50000
4.87,firewall_vnf,100,10000
4.87,db_vnf,100,10000
4.88,web_vnf,100,50000
4.89,web_vnf,100,50000
4.89,firewall_vnf,100,10000
4.89,db_vnf,100,10000
4.90,web_vnf,100,50000
4.91,web_vnf,100,50000
4.91,firewall_vnf,100,10000
4.91,db_vnf,100,10000
4.92,web_vnf,100,50000
4.93,web_vnf,100,50000
4.93,firewall_vnf,100,10000
4.93,db_vnf,100,10000
4.94,web_vnf,100,50000
4.95,web_vnf,100,50000
4.95,firewall_vnf,100,10000
4.95,db_vnf,100,10000
4.96,web_vnf,100,50000
4.97,web_vnf,100,50000
4.97,firewall_vnf,100,10000
4.97,db_vnf,100,10000
4.98,web_vnf,100,50000
4.99,web_vnf,100,50000
4.99,firewall_vnf,100,10000
4.99,db_vnf,100,10000
5.00,web_vnf,100,50000
5.01,web_vnf,100,50000
5.01,firewall_vnf,100,10000
5.01,db_vnf,100,10000
5.02,web_vnf,100,50000
5.03,web_vnf,100,50000
5.03,firewall_vnf,100,10000
5.03,db_vnf,100,10000
5.04,web_vnf,100,50000
5.05,web_vnf,100,50000
5.05,firewall_vnf,100,10000
5.05,db_vnf,100,10000
5.06,web_vnf,100,50000
5.07,web_vnf,100,50000
5.07,firewall_vnf,100,10000
5.07,db_vnf,100,10000
5.08,web_vnf,100,50000
5.09,web_vnf,100,50000
5.09,firewall_vnf,100,10000
5.09,db_vnf,100,10000
5.10,web_vnf,100,50000
5.11,web_vnf,100,50000
5.11,firewall_vnf,100,10000
5.11,db_vnf,100,10000
5.12,web_vnf,100,50000
5.13,web_vnf,100,50000
5.13,firewall_vnf,100,10000
5.13,db_vnf,100,10000
5.14,web_vnf,100,50000
5.15,web_vnf,100,50000
5.15,firewall_vnf,100,10000
5.15,db_vnf,100,10000
5.16,web_vnf,100,50000
5.17,web_vnf,100,50000
5.17,firewall_vnf,100,10000
5.17,db_vnf,100,10000
5.18,web_vnf,100,50000
5.19,web_vnf,100,50000
5.19,firewall_vnf,100,10000
5.19,db_vnf,100,10000
5.20,web_vnf,100,50000
5.21,web_vnf,100,50000
5.21,firewall_vnf,100,10000
5.21,db_vnf,100,10000
5.22,web_vnf,100,50000
5.23,web_vnf,100,50000
5.23,firewall_vnf,100,10000
5.23,db_vnf,100,10000
5.24,web_vnf,100,50000
5.25,web_vnf,100,50000
5.25,firewall_vnf,100,10000
5.25,db_vnf,100,10000
5.26,web_vnf,100,50000
5.27,web_vnf,100,50000
5.27,firewall_vnf,100,10000
5.27,db_vnf,100,10000
5.28,web_vnf,100,50000
5.29,web_vnf,100,50000
5.29,firewall_vnf,100,10000
5.29,db_vnf,100,10000
5.30,web_vnf,100,50000
5.31,web_vnf,100,50000
5.31,firewall_vnf,100,10000
5.31,db_vnf,100,10000
5.32,web_vnf,100,50000
5.33,web_vnf,100,50000
5.33,firewall_vnf,100,10000
5.33,db_vnf,100,10000
5.34,web_vnf,100,50000
5.35,web_vnf,100,50000
5.35,firewall_vnf,100,10000
5.35,db_vnf,100,10000
5.36,web_vnf,100,50000
5.37,web_vnf,100,50000
5.37,firewall_vnf,100,10000
5.37,db_vnf,100,10000
5.38,web_vnf,100,50000
5.39,web_vnf,100,50000
5.39,firewall_vnf,100,10000
5.39,db_vnf,100,10000
5.40,web_vnf,100,50000
5.41,web_vnf,100,50000
5.41,firewall_vnf,100,10000
5.41,db_vnf,100,10000
5.42,web_vnf,100,50000
5.43,web_vnf,100,50000
5.43,firewall_vnf,100,10000
5.43,db_vnf,100,10000
5.44,web_vnf,100,50000
5.45,web_vnf,100,50000
5.45,firewall_vnf,100,10000
5.45,db_vnf,100,10000
5.46,web_vnf,100,50000
5.47,web_vnf,100,50000
5.47,firewall_vnf,100,10000
5.47,db_vnf,100,10000
5.48,web_vnf,100,50000
5.49,web_vnf,100,50000
5.49,firewall_vnf,100,10000
5.49,db_vnf,100,10000
5.50,web_vnf,100,50000
5.51,web_vnf,100,50000
5.51,firewall_vnf,100,10000
5.51,db_vnf,100,10000
5.52,web_vnf,100,50000
5.53,web_vnf,100,50000
5.53,firewall_vnf,100,10000
5.53,db_vnf,100,10000
5.54,web_vnf,100,50000
5.55,web_vnf,100,50000
5.55,firewall_vnf,100,10000
5.55,db_vnf,100,10000
5.56,web_vnf,100,50000
5.57,web_vnf,100,50000
5.57,firewall_vnf,100,10000
5.57,db_vnf,100,10000
5.58,web_vnf,100,50000
5.59,web_vnf,100,50000
5.59,firewall_vnf,100,10000
5.59,db_vnf,100,10000
5.60,web_vnf,100,50000
5.61,web_vnf,100,50000
5.61,firewall_vnf,100,10000
5.61,db_vnf,100,10000
5.62,web_vnf,100,50000
5.63,web_vnf,100,50000
5.63,firewall_vnf,100,10000
5.63,db_vnf,100,10000
5.64,web_vnf,100,50000
5.65,web_vnf,100,50000
5.65,firewall_vnf,100,10000
5.65,db_vnf,100,10000
5.66,web_vnf,100,50000
5.67,web_vnf,100,50000
5.67,firewall_vnf,100,10000
5.67,db_vnf,100,10000
5.68,web_vnf,100,50000
5.69,web_vnf,100,50000
5.69,firewall_vnf,100,10000
5.69,db_vnf,100,10000
5.70,web_vnf,100,50000
5.71,web_vnf,100,50000
5.71,firewall_vnf,100,10000
5.71,db_vnf,100,10000
5.72,web_vnf,100,50000
5.73,web_vnf,100,50000
5.73,firewall_vnf,100,10000
5.73,db_vnf,100,10000
5.74,web_vnf,100,50000
5.75,web_vnf,100,50000
5.75,firewall_vnf,100,10000
5.75,db_vnf,100,10000
5.76,web_vnf,100,50000
5.77,web_vnf,100,50000
5.77,firewall_vnf,100,10000
5.77,db_vnf,100,10000
5.78,web_vnf,100,50000
5.79,web_vnf,100,50000
5.79,firewall_vnf,100,10000
5.79,db_vnf,100,10000
5.80,web_vnf,100,50000
5.81,web_vnf,100,50000
5.81,firewall_vnf,100,10000
5.81,db_vnf,100,10000
5.82,web_vnf,100,50000
5.83,web_vnf,100,50000
5.83,firewall_vnf,100,10000
5.83,db_vnf,100,10000
5.84,web_vnf,100,50000
5.85,web_vnf,100,50000
5.85,firewall_vnf,100,10000
5.85,db_vnf,100,10000
5.86,web_vnf,100,50000
5.87,web_vnf,100,50000
5.87,firewall_vnf,100,10000
5.87,db_vnf,100,10000
5.88,web_vnf,100,50000
5.89,web_vnf,100,50000
5.89,firewall_vnf,100,10000
5.89,db_vnf,100,10000
5.90,web_vnf,100,50000
5.91,web_vnf,100,50000
5.91,firewall_vnf,100,10000
5.91,db_vnf,100,10000
5.92,web_vnf,100,50000
5.93,web_vnf,100,50000
5.93,firewall_vnf,100,10000
5.93,db_vnf,100,10000
5.94,web_vnf,100,50000
5.95,web_vnf,100,50000
5.95,firewall_vnf,100,10000
5.95,db_vnf,100,10000
5.96,web_vnf,100,50000
5.97,web_vnf,100,50000
5.97,firewall_vnf,100,10000
5.97,db_vnf,100,10000
5.98,web_vnf,100,50000
5.99,web_vnf,100,50000
5.99,firewall_vnf,100,10000
5.99,db_vnf,100,10000
6.00,web_vnf,100,50000
6.01,web_vnf,100,50000
6.01,firewall_vnf,100,10000
6.01,db_vnf,100,10000
6.02,web_vnf,100,50000
6.03,web_vnf,100,50000
6.03,firewall_vnf,100,10000
6.03,db_vnf,100,10000
6.04,web_vnf,100,50000
6.05,web_vnf,100,50000
6.05,firewall_vnf,100,10000
6.05,db_vnf,100,10000
6.06,web_vnf,100,50000
6.07,web_vnf,100,50000
6.07,firewall_vnf,100,10000
6.07,db_vnf,100,10000
6.08,web_vnf,100,50000
6.09,web_vnf,100,50000
6.09,firewall_vnf,100,10000
6.09,db_vnf,100,10000
6.10,web_vnf,100,50000
6.11,web_vnf,100,50000
6.11,firewall_vnf,100,10000
6.11,db_vnf,100,10000
6.12,web_vnf,100,50000
6.13,web_vnf,100,50000
6.13,firewall_vnf,100,10000
6.13,db_vnf,100,10000
6.14,web_vnf,100,50000
6.15,web_vnf,100,50000
6.15,firewall_vnf,100,10000
6.15,db_vnf,100,10000
6.16,web_vnf,100,50000
6.17,web_vnf,100,50000
6.17,firewall_vnf,100,10000
6.17,db_vnf,100,10000
6.18,web_vnf,100,50000
6.19,web_vnf,100,50000
6.19,firewall_vnf,100,10000
6.19,db_vnf,100,10000
6.20,web_vnf,100,50000
6.21,web_vnf,100,50000
6.21,firewall_vnf,100,10000
6.21,db_vnf,100,10000
6.22,web_vnf,100,50000
6.23,web_vnf,100,50000
6.23,firewall_vnf,100,10000
6.23,db_vnf,100,10000
6.24,web_vnf,100,50000
6.25,web_vnf,100,50000
6.25,firewall_vnf,100,10000
6.25,db_vnf,100,10000
6.26,web_vnf,100,50000
6.27,web_vnf,100,50000
6.27,firewall_vnf,100,10000
6.27,db_vnf,100,10000
6.28,web_vnf,100,50000
6.29,web_vnf,100,50000
6.29,firewall_vnf,100,10000
6.29,db_vnf,100,10000
6.30,web_vnf,100,50000
6.31,web_vnf,100,50000
6.31,firewall_vnf,100,10000
6.31,db_vnf,100,10000
6.32,web_vnf,100,50000
6.33,web_vnf,100,50000
6.33,firewall_vnf,100,10000
6.33,db_vnf,100,10000
6.34,web_vnf,100,50000
6.35,web_vnf,100,50000
6.35,firewall_vnf,100,10000
6.35,db_vnf,100,10000
6.36,web_vnf,100,50000
6.37,web_vnf,100,50000
6.37,firewall_vnf,100,10000
6.37,db_vnf,100,10000
6.38,web_vnf,100,50000
6.39,web_vnf,100,50000
6.39,firewall_vnf,100,10000
6.39,db_vnf,100,10000
6.40,web_vnf,100,50000
6.41,web_vnf,100,50000
6.41,firewall_vnf,100,10000
6.41,db_vnf,100,10000
6.42,web_vnf,100,50000
6.43,web_vnf,100,50000
6.43,firewall_vnf,100,10000
6.43,db_vnf,100,10000
6.44,web_vnf,100,50000
6.45,web_vnf,100,50000
6.45,firewall_vnf,100,10000
6.45,db_vnf,100,10000
6.46,web_vnf,100,50000
6.47,web_vnf,100,50000
6.47,firewall_vnf,100,10000
6.47,db_vnf,100,10000
6.48,web_vnf,100,50000
6.49,web_vnf,100,50000
6.49,firewall_vnf,100,10000
6.49,db_vnf,100,10000
6.50,web_vnf,100,50000
6.51,web_vnf,100,50000
6.51,firewall_vnf,100,10000
6.51,db_vnf,100,10000
6.52,web_vnf,100,50000
6.53,web_vnf,100,50000
6.53,firewall_vnf,100,10000
6.53,db_vnf,100,10000
6.54,web_vnf,100,50000
6.55,web_vnf,100,50000
6.55,firewall_vnf,100,10000
6.55,db_vnf,100,10000
6.56,web_vnf,100,50000
6.57,web_vnf,100,50000
6.57,firewall_vnf,100,10000
6.57,db_vnf,100,10000
6.58,web_vnf,100,50000
6.59,web_vnf,100,50000
6.59,firewall_vnf,100,10000
6.59,db_vnf,100,10000
6.60,web_vnf,100,50000
6.61,web_vnf,100,50000
6.61,firewall_vnf,100,10000
6.61,db_vnf,100,10000
6.62,web_vnf,100,50000
6.63,web_vnf,100,50000
6.63,firewall_vnf,100,10000
6.63,db_vnf,100,10000
6.64,web_vnf,100,50000
6.65,web_vnf,100,50000
6.65,firewall_vnf,100,10000
6.65,db_vnf,100,10000
6.66,web_vnf,100,50000
6.67,web_vnf,100,50000
6.67,firewall_vnf,100,10000
6.67,db_vnf,100,10000
6.68,web_vnf,100,50000
6.69,web_vnf,100,50000
6.69,firewall_vnf,100,10000
6.69,db_vnf,100,10000
6.70,web_vnf,100,50000
6.71,web_vnf,100,50000
6.71,firewall_vnf,100,10000
6.71,db_vnf,100,10000
6.72,web_vnf,100,50000
6.73,web_vnf,100,50000
6.73,firewall_vnf,100,10000
6.73,db_vnf,100,10000
6.74,web_vnf,100,50000
6.75,web_vnf,100,50000
6.75,firewall_vnf,100,10000
6.75,db_vnf,100,10000
6.76,web_vnf,100,50000
6.77,web_vnf,100,50000
6.77,firewall_vnf,100,10000
6.77,db_vnf,100,10000
6.78,web_vnf,100,50000
6.79,web_vnf,100,50000
6.79,firewall_vnf,100,10000
6.79,db_vnf,100,10000
6.80,web_vnf,100,50000
6.81,web_vnf,100,50000
6.81,firewall_vnf,100,10000
6.81,db_vnf,100,10000
6.82,web_vnf,100,50000
6.83,web_vnf,100,50000
6.83,firewall_vnf,100,10000
6.83,db_vnf,100,10000
6.84,web_vnf,100,50000
6.85,web_vnf,100,50000
6.85,firewall_vnf,100,10000
6.85,db_vnf,100,10000
6.86,web_vnf,100,50000
6.87,web_vnf,100,50000
6.87,firewall_vnf,100,10000
6.87,db_vnf,100,10000
6.88,web_vnf,100,50000
6.89,web_vnf,100,50000
6.89,firewall_vnf,100,10000
6.89,db_vnf,100,10000
6.90,web_vnf,100,50000
6.91,web_vnf,100,50000
6.91,firewall_vnf,100,10000
6.91,db_vnf,100,10000
6.92,web_vnf,100,50000
6.93,web_vnf,100,50000
6.93,firewall_vnf,100,10000
6.93,db_vnf,100,10000
6.94,web_vnf,100,50000
6.95,web_vnf,100,50000
6.95,firewall_vnf,100,10000
6.95,db_vnf,100,10000
6.96,web_vnf,100,50000
6.97,web_vnf,100,50000
6.97,firewall_vnf,100,10000
6.97,db_vnf,100,10000
6.98,web_vnf,100,50000
6.99,web_vnf,100,50000
6.99,firewall_vnf,100,10000
6.99,db_vnf,100,10000
7.00,web_vnf,100,50000
7.01,web_vnf,100,50000
7.01,firewall_vnf,100,10000
7.01,db_vnf,100,10000
7.02,web_vnf,100,50000
7.03,web_vnf,100,50000
7.03,firewall_vnf,100,10000
7.03,db_vnf,100,10000
7.04,web_vnf,100,50000
7.05,web_vnf,100,50000
7.05,firewall_vnf,100,10000
7.05,db_vnf,100,10000
7.06,web_vnf,100,50000
7.07,web_vnf,100,50000
7.07,firewall_vnf,100,10000
7.07,db_vnf,100,10000
7.08,web_vnf,100,50000
7.09,web_vnf,100,50000
7.09,firewall_vnf,100,10000
7.09,db_vnf,100,10000
7.10,web_vnf,100,50000
7.11,web_vnf,100,50000
7.11,firewall_vnf,100,10000
7.11,db_vnf,100,10000
7.12,web_vnf,100,50000
7.13,web_vnf,100,50000
7.13,firewall_vnf,100,10000
7.13,db_vnf,100,10000
7.14,web_vnf,100,50000
7.15,web_vnf,100,50000
7.15,firewall_vnf,100,10000
7.15,db_vnf,100,10000
7.16,web_vnf,100,50000
7.17,web_vnf,100,50000
7.17,firewall_vnf,100,10000
7.17,db_vnf,100,10000
7.18,web_vnf,100,50000
7.19,web_vnf,100,50000
7.19,firewall_vnf,100,10000
7.19,db_vnf,100,10000
7.20,web_vnf,100,50000
7.21,web_vnf,100,50000
7.21,firewall_vnf,100,10000
7.21,db_vnf,100,10000
7.22,web_vnf,100,50000
7.23,web_vnf,100,50000
7.23,firewall_vnf,100,10000
7.23,db_vnf,100,10000
7.24,web_vnf,100,50000
7.25,web_vnf,100,50000
7.25,firewall_vnf,100,10000
7.25,db_vnf,100,10000
7.26,web_vnf,100,50000
7.27,web_vnf,100,50000
7.27,firewall_vnf,100,10000
7.27,db_vnf,100,10000
7.28,web_vnf,100,50000
7.29,web_vnf,100,50000
7.29,firewall_vnf,100,10000
7.29,db_vnf,100,10000
7.30,web_vnf,100,50000
7.31,web_vnf,100,50000
7.31,firewall_vnf,100,10000
7.31,db_vnf,100,10000
7.32,web_vnf,100,50000
7.33,web_vnf,100,50000
7.33,firewall_vnf,100,10000
7.33,db_vnf,100,10000
7.34,web_vnf,100,50000
7.35,web_vnf,100,50000
7.35,firewall_vnf,100,10000
7.35,db_vnf,100,10000
7.36,web_vnf,100,50000
7.37,web_vnf,100,50000
7.37,firewall_vnf,100,10000
7.37,db_vnf,100,10000
7.38,web_vnf,100,50000
7.39,web_vnf,100,50000
7.39,firewall_vnf,100,10000
7.39,db_vnf,100,10000
7.40,web_vnf,100,50000
7.41,web_vnf,100,50000
7.41,firewall_vnf,100,10000
7.41,db_vnf,100,10000
7.42,web_vnf,100,50000
7.43,web_vnf,100,50000
7.43,firewall_vnf,100,10000
7.43,db_vnf,100,10000
7.44,web_vnf,100,50000
7.45,web_vnf,100,50000
7.45,firewall_vnf,100,10000
7.45,db_vnf,100,10000
7.46,web_vnf,100,50000
7.47,web_vnf,100,50000
7.47,firewall_vnf,100,10000
7.47,db_vnf,100,10000
7.48,web_vnf,100,50000
7.49,web_vnf,100,50000
7.49,firewall_vnf,100,10000
7.49,db_vnf,100,10000
7.50,web_vnf,100,50000
7.51,web_vnf,100,50000
7.51,firewall_vnf,100,10000
7.51,db_vnf,100,10000
7.52,web_vnf,100,50000
7.53,web_vnf,100,50000
7.53,firewall_vnf,100,10000
7.53,db_vnf,100,10000
7.54,web_vnf,100,50000
7.55,web_vnf,100,50000
7.55,firewall_vnf,100,10000
7.55,db_vnf,100,10000
7.56,web_vnf,100,50000
7.57,web_vnf,100,50000
7.57,firewall_vnf,100,10000
7.57,db_vnf,100,10000
7.58,web_vnf,100,50000
7.59,web_vnf,100,50000
7.59,firewall_vnf,100,10000
7.59,db_vnf,100,10000
7.60,web_vnf,100,50000
7.61,web_vnf,100,50000
7.61,firewall_vnf,100,10000
7.61,db_vnf,100,10000
7.62,web_vnf,100,50000
7.63,web_vnf,100,50000
7.63,firewall_vnf,100,10000
7.63,db_vnf,100,10000
7.64,web_vnf,100,50000
7.65,web_vnf,100,50000
7.65,firewall_vnf,100,10000
7.65,db_vnf,100,10000
7.66,web_vnf,100,50000
7.67,web_vnf,100,50000
7.67,firewall_vnf,100,10000
7.67,db_vnf,100,10000
7.68,web_vnf,100,50000
7.69,web_vnf,100,50000
7.69,firewall_vnf,100,10000
7.69,db_vnf,100,10000
7.70,web_vnf,100,50000
7.71,web_vnf,100,50000
7.71,firewall_vnf,100,10000
7.71,db_vnf,100,10000
7.72,web_vnf,100,50000
7.73,web_vnf,100,50000
7.73,firewall_vnf,100,10000
7.73,db_vnf,100,10000
7.74,web_vnf,100,50000
7.75,web_vnf,100,50000
7.75,firewall_vnf,100,10000
7.75,db_vnf,100,10000
7.76,web_vnf,100,50000
7.77,web_vnf,100,50000
7.77,firewall_vnf,100,10000
7.77,db_vnf,100,10000
7.78,web_vnf,100,50000
7.79,web_vnf,100,50000
7.79,firewall_vnf,100,10000
7.79,db_vnf,100,10000
7.80,web_vnf,100,50000
7.81,web_vnf,100,50000
7.81,firewall_vnf,100,10000
7.81,db_vnf,100,10000
7.82,web_vnf,100,50000
7.83,web_vnf,100,50000
7.83,firewall_vnf,100,10000
7.83,db_vnf,100,10000
7.84,web_vnf,100,50000
7.85,web_vnf,100,50000
7.85,firewall_vnf,100,10000
7.85,db_vnf,100,10000
7.86,web_vnf,100,50000
7.87,web_vnf,100,50000
7.87,firewall_vnf,100,10000
7.87,db_vnf,100,10000
7.88,web_vnf,100,50000
7.89,web_vnf,100,50000
7.89,firewall_vnf,100,10000
7.89,db_vnf,100,10000
7.90,web_vnf,100,50000
7.91,web_vnf,100,50000
7.91,firewall_vnf,100,10000
7.91,db_vnf,100,10000
7.92,web_vnf,100,50000
7.93,web_vnf,100,50000
7.93,firewall_vnf,100,10000
7.93,db_vnf,100,10000
7.94,web_vnf,100,50000
7.95,web_vnf,100,50000
7.95,firewall_vnf,100,10000
7.95,db_vnf,100,10000
7.96,web_vnf,100,50000
7.97,web_vnf,100,50000
7.97,firewall_vnf,100,10000
7.97,db_vnf,100,10000
7.98,web_vnf,100,50000
7.99,web_vnf,100,50000
7.99,firewall_vnf,100,10000
7.99,db_vnf,100,10000
8.00,web_vnf,100,50000
8.01,web_vnf,100,50000
8.01,firewall_vnf,100,10000
8.01,db_vnf,100,10000
8.02,web_vnf,100,50000
8.03,web_vnf,100,50000
8.03,firewall_vnf,100,10000
8.03,db_vnf,100,10000
8.04,web_vnf,100,50000
8.05,web_vnf,100,50000
8.05,firewall_vnf,100,10000
8.05,db_vnf,100,10000
8.06,web_vnf,100,50000
8.07,web_vnf,100,50000
8.07,firewall_vnf,100,10000
8.07,db_vnf,100,10000
8.08,web_vnf,100,50000
8.09,web_vnf,100,50000
8.09,firewall_vnf,100,10000
8.09,db_vnf,100,10000
8.10,web_vnf,100,50000
8.11,web_vnf,100,50000
8.11,firewall_vnf,100,10000
8.11,db_vnf,100,10000
8.12,web_vnf,100,50000
8.13,web_vnf,100,50000
8.13,firewall_vnf,100,10000
8.13,db_vnf,100,10000
8.14,web_vnf,100,50000
8.15,web_vnf,100,50000
8.15,firewall_vnf,100,10000
8.15,db_vnf,100,10000
8.16,web_vnf,100,50000
8.17,web_vnf,100,50000
8.17,firewall_vnf,100,10000
8.17,db_vnf,100,10000
8.18,web_vnf,100,50000
8.19,web_vnf,100,50000
8.19,firewall_vnf,100,10000
8.19,db_vnf,100,10000
8.20,web_vnf,100,50000
8.21,web_vnf,100,50000
8.21,firewall_vnf,100,10000
8.21,db_vnf,100,10000
8.22,web_vnf,100,50000
8.23,web_vnf,100,50000
8.23,firewall_vnf,100,10000
8.23,db_vnf,100,10000
8.24,web_vnf,100,50000
8.25,web_vnf,100,50000
8.25,firewall_vnf,100,10000
8.25,db_vnf,100,10000
8.26,web_vnf,100,50000
8.27,web_vnf,100,50000
8.27,firewall_vnf,100,10000
8.27,db_vnf,100,10000
8.28,web_vnf,100,50000
8.29,web_vnf,100,50000
8.29,firewall_vnf,100,10000
8.29,db_vnf,100,10000
8.30,web_vnf,100,50000
8.31,web_vnf,100,50000
8.31,firewall_vnf,100,10000
8.31,db_vnf,100,10000
8.32,web_vnf,100,50000
8.33,web_vnf,100,50000
8.33,firewall_vnf,100,10000
8.33,db_vnf,100,10000
8.34,web_vnf,100,50000
8.35,web_vnf,100,50000
8.35,firewall_vnf,100,10000
8.35,db_vnf,100,10000
8.36,web_vnf,100,50000
8.37,web_vnf,100,50000
8.37,firewall_vnf,100,10000
8.37,db_vnf,100,10000
8.38,web_vnf,100,50000
8.39,web_vnf,100,50000
8.39,firewall_vnf,100,10000
8.39,db_vnf,100,10000
8.40,web_vnf,100,50000
8.41,web_vnf,100,50000
8.41,firewall_vnf,100,10000
8.41,db_vnf,100,10000
8.42,web_vnf,100,50000
8.43,web_vnf,100,50000
8.43,firewall_vnf,100,10000
8.43,db_vnf,100,10000
8.44,web_vnf,100,50000
8.45,web_vnf,100,50000
8.45,firewall_vnf,100,10000
8.45,db_vnf,100,10000
8.46,web_vnf,100,50000
8.47,web_vnf,100,50000
8.47,firewall_vnf,100,10000
8.47,db_vnf,100,10000
8.48,web_vnf,100,50000
8.49,web_vnf,100,50000
8.49,firewall_vnf,100,10000
8.49,db_vnf,100,10000
8.50,web_vnf,100,50000
8.51,web_vnf,100,50000
8.51,firewall_vnf,100,10000
8.51,db_vnf,100,10000
8.52,web_vnf,100,50000
8.53,web_vnf,100,50000
8.53,firewall_vnf,100,10000
8.53,db_vnf,100,10000
8.54,web_vnf,100,50000
8.55,web_vnf,100,50000
8.55,firewall_vnf,100,10000
8.55,db_vnf,100,10000
8.56,web_vnf,100,50000
8.57,web_vnf,100,50000
8.57,firewall_vnf,100,10000
8.57,db_vnf,100,10000
8.58,web_vnf,100,50000
8.59,web_vnf,100,50000
8.59,firewall_vnf,100,10000
8.59,db_vnf,100,10000
8.60,web_vnf,100,50000
8.61,web_vnf,100,50000
8.61,firewall_vnf,100,10000
8.61,db_vnf,100,10000
8.62,web_vnf,100,50000
8.63,web_vnf,100,50000
8.63,firewall_vnf,100,10000
8.63,db_vnf,100,10000
8.64,web_vnf,100,50000
8.65,web_vnf,100,50000
8.65,firewall_vnf,100,10000
8.65,db_vnf,100,10000
8.66,web_vnf,100,50000
8.67,web_vnf,100,50000
8.67,firewall_vnf,100,10000
8.67,db_vnf,100,10000
8.68,web_vnf,100,50000
8.69,web_vnf,100,50000
8.69,firewall_vnf,100,10000
8.69,db_vnf,100,10000
8.70,web_vnf,100,50000
8.71,web_vnf,100,50000
8.71,firewall_vnf,100,10000
8.71,db_vnf,100,10000
8.72,web_vnf,100,50000
8.73,web_vnf,100,50000
8.73,firewall_vnf,100,10000
8.73,db_vnf,100,10000
8.74,web_vnf,100,50000
8.75,web_vnf,100,50000
8.75,firewall_vnf,100,10000
8.75,db_vnf,100,10000
8.76,web_vnf,100,50000
8.77,web_vnf,100,50000
8.77,firewall_vnf,100,10000
8.77,db_vnf,100,10000
8.78,web_vnf,100,50000
8.79,web_vnf,100,50000
8.79,firewall_vnf,100,10000
8.79,db_vnf,100,10000
8.80,web_vnf,100,50000
8.81,web_vnf,100,50000
8.81,firewall_vnf,100,10000
8.81,db_vnf,100,10000
8.82,web_vnf,100,50000
8.83,web_vnf,100,50000
8.83,firewall_vnf,100,10000
8.83,db_vnf,100,10000
8.84,web_vnf,100,50000
8.85,web_vnf,100,50000
8.85,firewall_vnf,100,10000
8.85,db_vnf,100,10000
8.86,web_vnf,100,50000
8.87,web_vnf,100,50000
8.87,firewall_vnf,100,10000
8.87,db_vnf,100,10000
8.88,web_vnf,100,50000
8.89,web_vnf,100,50000
8.89,firewall_vnf,100,10000
8.89,db_vnf,100,10000
8.90,web_vnf,100,50000
8.91,web_vnf,100,50000
8.91,firewall_vnf,100,10000
8.91,db_vnf,100,10000
8.92,web_vnf,100,50000
8.93,web_vnf,100,50000
8.93,firewall_vnf,100,10000
8.93,db_vnf,100,10000
8.94,web_vnf,100,50000
8.95,web_vnf,100,50000
8.95,firewall_vnf,100,10000
8.95,db_vnf,100,10000
8.96,web_vnf,100,50000
8.97,web_vnf,100,50000
8.97,firewall_vnf,100,10000
8.97,db_vnf,100,10000
8.98,web_vnf,100,50000
8.99,web_vnf,100,50000
8.99,firewall_vnf,100,10000
8.99,db_vnf,100,10000
9.00,web_vnf,100,50000
9.01,web_vnf,100,50000
9.01,firewall_vnf,100,10000
9.01,db_vnf,100,10000
9.02,web_vnf,100,50000
9.03,web_vnf,100,50000
9.03,firewall_vnf,100,10000
9.03,db_vnf,100,10000
9.04,web_vnf,100,50000
9.05,web_vnf,100,50000
9.05,firewall_vnf,100,10000
9.05,db_vnf,100,10000
9.06,web_vnf,100,50000
9.07,web_vnf,100,50000
9.07,firewall_vnf,100,10000
9.07,db_vnf,100,10000
9.08,web_vnf,100,50000
9.09,web_vnf,100,50000
9.09,firewall_vnf,100,10000
9.09,db_vnf,100,10000
9.10,web_vnf,100,50000
9.11,web_vnf,100,50000
9.11,firewall_vnf,100,10000
9.11,db_vnf,100,10000
9.12,web_vnf,100,50000
9.13,web_vnf,100,50000
9.13,firewall_vnf,100,10000
9.13,db_vnf,100,10000
9.14,web_vnf,100,50000
9.15,web_vnf,100,50000
9.15,firewall_vnf,100,10000
9.15,db_vnf,100,10000
9.16,web_vnf,100,50000
9.17,web_vnf,100,50000
9.17,firewall_vnf,100,10000
9.17,db_vnf,100,10000
9.18,web_vnf,100,50000
9.19,web_vnf,100,50000
9.19,firewall_vnf,100,10000
9.19,db_vnf,100,10000
9.20,web_vnf,100,50000
9.21,web_vnf,100,50000
9.21,firewall_vnf,100,10000
9.21,db_vnf,100,10000
9.22,web_vnf,100,50000
9.23,web_vnf,100,50000
9.23,firewall_vnf,100,10000
9.23,db_vnf,100,10000
9.24,web_vnf,100,50000
9.25,web_vnf,100,50000
9.25,firewall_vnf,100,10000
9.25,db_vnf,100,10000
9.26,web_vnf,100,50000
9.27,web_vnf,100,50000
9.27,firewall_vnf,100,10000
9.27,db_vnf,100,10000
9.28,web_vnf,100,50000
9.29,web_vnf,100,50000
9.29,firewall_vnf,100,10000
9.29,db_vnf,100,10000
9.30,web_vnf,100,50000
9.31,web_vnf,100,50000
9.31,firewall_vnf,100,10000
9.31,db_vnf,100,10000
9.32,web_vnf,100,50000
9.33,web_vnf,100,50000
9.33,firewall_vnf,100,10000
9.33,db_vnf,100,10000
9.34,web_vnf,100,50000
9.35,web_vnf,100,50000
9.35,firewall_vnf,100,10000
9.35,db_vnf,100,10000
9.36,web_vnf,100,50000
9.37,web_vnf,100,50000
9.37,firewall_vnf,100,10000
9.37,db_vnf,100,10000
9.38,web_vnf,100,50000
9.39,web_vnf,100,50000
9.39,firewall_vnf,100,10000
9.39,db_vnf,100,10000
9.40,web_vnf,100,50000
9.41,web_vnf,100,50000
9.41,firewall_vnf,100,10000
9.41,db_vnf,100,10000
9.42,web_vnf,100,50000
9.43,web_vnf,100,50000
9.43,firewall_vnf,100,10000
9.43,db_vnf,100,10000
9.44,web_vnf,100,50000
9.45,web_vnf,100,50000
9.45,firewall_vnf,100,10000
9.45,db_vnf,100,10000
9.46,web_vnf,100,50000
9.47,web_vnf,100,50000
9.47,firewall_vnf,100,10000
9.47,db_vnf,100,10000
9.48,web_vnf,100,50000
9.49,web_vnf,100,50000
9.49,firewall_vnf,100,10000
9.49,db_vnf,100,10000
9.50,web_vnf,100,50000
9.51,web_vnf,100,50000
9.51,firewall_vnf,100,10000
9.51,db_vnf,100,10000
9.52,web_vnf,100,50000
9.53,web_vnf,100,50000
9.53,firewall_vnf,100,10000
9.53,db_vnf,100,10000
9.54,web_vnf,100,50000
9.55,web_vnf,100,50000
9.55,firewall_vnf,100,10000
9.55,db_vnf,100,10000
9.56,web_vnf,100,50000
9.57,web_vnf,100,50000
9.57,firewall_vnf,100,10000
9.57,db_vnf,100,10000
9.58,web_vnf,100,50000
9.59,web_vnf,100,50000
9.59,firewall_vnf,100,10000
9.59,db_vnf,100,10000
9.60,web_vnf,100,50000
9.61,web_vnf,100,50000
9.61,firewall_vnf,100,10000
9.61,db_vnf,100,10000
9.62,web_vnf,100,50000
9.63,web_vnf,100,50000
9.63,firewall_vnf,100,10000
9.63,db_vnf,100,10000
9.64,web_vnf,100,50000
9.65,web_vnf,100,50000
9.65,firewall_vnf,100,10000
9.65,db_vnf,100,10000
9.66,web_vnf,100,50000
9.67,web_vnf,100,50000
9.67,firewall_vnf,100,10000
9.67,db_vnf,100,10000
9.68,web_vnf,100,50000
9.69,web_vnf,100,50000
9.69,firewall_vnf,100,10000
9.69,db_vnf,100,10000
9.70,web_vnf,100,50000
9.71,web_vnf,100,50000
9.71,firewall_vnf,100,10000
9.71,db_vnf,100,10000
9.72,web_vnf,100,50000
9.73,web_vnf,100,50000
9.73,firewall_vnf,100,10000
9.73,db_vnf,100,10000
9.74,web_vnf,100,50000
9.75,web_vnf,100,50000
9.75,firewall_vnf,100,10000
9.75,db_vnf,100,10000
9.76,web_vnf,100,50000
9.77,web_vnf,100,50000
9.77,firewall_vnf,100,10000
9.77,db_vnf,100,10000
9.78,web_vnf,100,50000
9.79,web_vnf,100,50000
9.79,firewall_vnf,100,10000
9.79,db_vnf,100,10000
9.80,web_vnf,100,50000
9.81,web_vnf,100,50000
9.81,firewall_vnf,100,10000
9.81,db_vnf,100,10000
9.82,web_vnf,100,50000
9.83,web_vnf,100,50000
9.83,firewall_vnf,100,10000
9.83,db_vnf,100,10000
9.84,web_vnf,100,50000
9.85,web_vnf,100,50000
9.85,firewall_vnf,100,10000
9.85,db_vnf,100,10000
9.86,web_vnf,100,50000
9.87,web_vnf,100,50000
9.87,firewall_vnf,100,10000
9.87,db_vnf,100,10000
9.88,web_vnf,100,50000
9.89,web_vnf,100,50000
9.89,firewall_vnf,100,10000
9.89,db_vnf,100,10000
9.90,web_vnf,100,50000
9.91,web_vnf,100,50000
9.91,firewall_vnf,100,10000
9.91,db_vnf,100,10000
9.92,web_vnf,100,50000
9.93,web_vnf,100,50000
9.93,firewall_vnf,100,10000
9.93,db_vnf,100,10000
9.94,web_vnf,100,50000
9.95,web_vnf,100,50000
9.95,firewall_vnf,100,10000
9.95,db_vnf,100,10000
9.96,web_vnf,100,50000
9.97,web_vnf,100,50000
9.97,firewall_vnf,100,10000
9.97,db_vnf,100,10000
9.98,web_vnf,100,50000
9.99,web_vnf,100,50000
9.99,firewall_vnf,100,10000
9.99,db_vnf,100,10000
10.00,web_vnf,100,50000
